,customer_id,loyalty_score,product_id,product_category,purchase_count
0,C37,9,P25,fruit_veg,1
1,C42,2,P43,food,1
2,C42,2,P28,fruit_veg,1
3,C42,2,P26,fruit_veg,1
4,C42,2,P24,fruit_veg,1
5,C42,2,P23,fruit_veg,1
6,C42,2,P20,clothes,1
7,C42,2,P19,clothes,1
8,C42,2,P18,clothes,1
9,C42,2,P17,clothes,1
10,C42,2,P48,food,1
11,C42,2,P14,clothes,1
12,C40,4,P32,fruit_veg,1
13,C40,4,P30,fruit_veg,1
14,C40,4,P28,fruit_veg,1
15,C40,4,P27,fruit_veg,1
16,C40,4,P19,clothes,1
17,C40,4,P18,clothes,1
18,C40,4,P12,house,1
19,C40,4,P09,house,1
20,C40,4,P06,house,1
21,C40,4,P33,fruit_veg,1
22,C40,4,P05,house,1
23,C42,2,P50,food,1
24,C43,10,P12,house,1
25,C44,9,P47,food,1
26,C44,9,P45,food,1
27,C44,9,P38,sweets,1
28,C44,9,P37,sweets,1
29,C43,10,P64,bws,1
30,C43,10,P51,food,1
31,C43,10,P50,food,1
32,C43,10,P49,food,1
33,C43,10,P48,food,1
34,C43,10,P01,house,1
35,C43,10,P46,food,1
36,C43,10,P44,food,1
37,C43,10,P43,food,1
38,C43,10,P42,food,1
39,C43,10,P34,fruit_veg,1
40,C43,10,P32,fruit_veg,1
41,C43,10,P29,fruit_veg,1
42,C43,10,P28,fruit_veg,1
43,C43,10,P27,fruit_veg,1
44,C43,10,P25,fruit_veg,1
45,C43,10,P45,food,1
46,C44,9,P50,food,1
47,C40,4,P01,house,1
48,C38,7,P26,fruit_veg,1
49,C35,7,P06,house,1
50,C35,7,P05,house,1
51,C34,3,P25,fruit_veg,1
52,C34,3,P21,clothes,1
53,C33,5,P45,food,1
54,C33,5,P36,sweets,1
55,C33,5,P31,fruit_veg,1
56,C33,5,P28,fruit_veg,1
57,C33,5,P20,clothes,1
58,C35,7,P07,house,1
59,C33,5,P19,clothes,1
60,C33,5,P11,house,1
61,C33,5,P07,house,1
62,C33,5,P06,house,1
63,C33,5,P05,house,1
64,C33,5,P01,house,1
65,C32,3,P58,food,1
66,C32,3,P51,food,1
67,C32,3,P41,food,1
68,C32,3,P40,sweets,1
69,C33,5,P12,house,1
70,C38,7,P29,fruit_veg,1
71,C35,7,P11,house,1
72,C35,7,P23,fruit_veg,1
73,C38,7,P24,fruit_veg,1
74,C38,7,P22,fruit_veg,1
75,C37,9,P38,sweets,1
76,C37,9,P37,sweets,1
77,C37,9,P36,sweets,1
78,C37,9,P33,fruit_veg,1
79,C37,9,P31,fruit_veg,1
80,C37,9,P28,fruit_veg,1
81,C37,9,P26,fruit_veg,1
82,C35,7,P12,house,1
83,C37,9,P23,fruit_veg,1
84,C37,9,P10,house,1
85,C37,9,P07,house,1
86,C37,9,P03,house,1
87,C36,5,P32,fruit_veg,1
88,C36,5,P30,fruit_veg,1
89,C36,5,P25,fruit_veg,1
90,C35,7,P27,fruit_veg,1
91,C35,7,P26,fruit_veg,1
92,C35,7,P25,fruit_veg,1
93,C37,9,P11,house,1
94,C44,9,P54,food,1
95,C44,9,P58,food,1
96,C44,9,P60,food,1
97,C54,2,P60,food,1
98,C54,2,P57,food,1
99,C54,2,P45,food,1
100,C54,2,P44,food,1
101,C54,2,P41,food,1
102,C53,4,P60,food,1
103,C53,4,P58,food,1
104,C53,4,P54,food,1
105,C53,4,P52,food,1
106,C55,8,P22,fruit_veg,1
107,C53,4,P51,food,1
108,C53,4,P48,food,1
109,C53,4,P47,food,1
110,C53,4,P45,food,1
111,C53,4,P42,food,1
112,C53,4,P31,fruit_veg,1
113,C53,4,P29,fruit_veg,1
114,C53,4,P26,fruit_veg,1
115,C53,4,P12,house,1
116,C53,4,P11,house,1
117,C53,4,P49,food,1
118,C53,4,P09,house,1
119,C55,8,P28,fruit_veg,1
120,C55,8,P30,fruit_veg,1
121,C57,2,P49,food,1
122,C57,2,P43,food,1
123,C57,2,P40,sweets,1
124,C57,2,P37,sweets,1
125,C57,2,P36,sweets,1
126,C57,2,P30,fruit_veg,1
127,C56,4,P60,food,1
128,C56,4,P48,food,1
129,C56,4,P44,food,1
130,C55,8,P29,fruit_veg,1
131,C56,4,P43,food,1
132,C55,8,P64,bws,1
133,C55,8,P63,bws,1
134,C55,8,P62,bws,1
135,C55,8,P57,food,1
136,C55,8,P54,food,1
137,C55,8,P53,food,1
138,C55,8,P52,food,1
139,C55,8,P48,food,1
140,C55,8,P33,fruit_veg,1
141,C56,4,P41,food,1
142,C53,4,P07,house,1
143,C53,4,P06,house,1
144,C53,4,P05,house,1
145,C48,4,P02,house,1
146,C47,2,P40,sweets,1
147,C47,2,P38,sweets,1
148,C47,2,P35,sweets,1
149,C47,2,P34,fruit_veg,1
150,C47,2,P31,fruit_veg,1
151,C47,2,P29,fruit_veg,1
152,C47,2,P28,fruit_veg,1
153,C47,2,P25,fruit_veg,1
154,C48,4,P04,house,1
155,C47,2,P24,fruit_veg,1
156,C47,2,P11,house,1
157,C47,2,P07,house,1
158,C47,2,P03,house,1
159,C46,5,P20,clothes,1
160,C46,5,P06,house,1
161,C45,10,P57,food,1
162,C45,10,P51,food,1
163,C45,10,P48,food,1
164,C45,10,P42,food,1
165,C47,2,P23,fruit_veg,1
166,C48,4,P05,house,1
167,C48,4,P08,house,1
168,C48,4,P11,house,1
169,C52,1,P37,sweets,1
170,C51,3,P62,bws,1
171,C51,3,P31,fruit_veg,1
172,C51,3,P29,fruit_veg,1
173,C51,3,P24,fruit_veg,1
174,C50,8,P34,fruit_veg,1
175,C50,8,P28,fruit_veg,1
176,C50,8,P25,fruit_veg,1
177,C50,8,P24,fruit_veg,1
178,C50,8,P22,fruit_veg,1
179,C49,7,P60,food,1
180,C49,7,P58,food,1
181,C49,7,P57,food,1
182,C49,7,P53,food,1
183,C49,7,P46,food,1
184,C49,7,P13,clothes,1
185,C48,4,P64,bws,1
186,C48,4,P63,bws,1
187,C48,4,P61,bws,1
188,C48,4,P36,sweets,1
189,C48,4,P35,sweets,1
190,C32,3,P27,fruit_veg,1
191,C32,3,P26,fruit_veg,1
192,C31,9,P60,food,1
193,C31,9,P59,food,1
194,C20,2,P10,house,1
195,C20,2,P02,house,1
196,C20,2,P01,house,1
197,C19,6,P58,food,1
198,C19,6,P44,food,1
199,C19,6,P33,fruit_veg,1
200,C19,6,P32,fruit_veg,1
201,C19,6,P30,fruit_veg,1
202,C19,6,P26,fruit_veg,1
203,C20,2,P22,fruit_veg,1
204,C18,8,P63,bws,1
205,C18,8,P58,food,1
206,C18,8,P57,food,1
207,C18,8,P55,food,1
208,C18,8,P49,food,1
209,C18,8,P48,food,1
210,C18,8,P42,food,1
211,C18,8,P41,food,1
212,C18,8,P34,fruit_veg,1
213,C18,8,P32,fruit_veg,1
214,C18,8,P60,food,1
215,C18,8,P27,fruit_veg,1
216,C20,2,P23,fruit_veg,1
217,C20,2,P33,fruit_veg,1
218,C22,1,P26,fruit_veg,1
219,C22,1,P25,fruit_veg,1
220,C22,1,P22,fruit_veg,1
221,C22,1,P12,house,1
222,C22,1,P10,house,1
223,C22,1,P09,house,1
224,C22,1,P08,house,1
225,C22,1,P07,house,1
226,C21,5,P28,fruit_veg,1
227,C20,2,P31,fruit_veg,1
228,C21,5,P26,fruit_veg,1
229,C20,2,P55,food,1
230,C20,2,P54,food,1
231,C20,2,P51,food,1
232,C20,2,P49,food,1
233,C20,2,P47,food,1
234,C20,2,P46,food,1
235,C20,2,P40,sweets,1
236,C20,2,P38,sweets,1
237,C20,2,P35,sweets,1
238,C20,2,P60,food,1
239,C18,8,P24,fruit_veg,1
240,C18,8,P22,fruit_veg,1
241,C17,2,P35,sweets,1
242,C16,5,P31,fruit_veg,1
243,C16,5,P30,fruit_veg,1
244,C16,5,P28,fruit_veg,1
245,C16,5,P22,fruit_veg,1
246,C15,6,P60,food,1
247,C15,6,P59,food,1
248,C15,6,P56,food,1
249,C15,6,P53,food,1
250,C15,6,P52,food,1
251,C16,5,P34,fruit_veg,1
252,C15,6,P51,food,1
253,C15,6,P41,food,1
254,C14,3,P49,food,1
255,C14,3,P43,food,1
256,C137,9,P25,fruit_veg,1
257,C136,10,P40,sweets,1
258,C136,10,P34,fruit_veg,1
259,C136,10,P31,fruit_veg,1
260,C136,10,P29,fruit_veg,1
261,C136,10,P26,fruit_veg,1
262,C15,6,P42,food,1
263,C16,5,P37,sweets,1
264,C16,5,P38,sweets,1
265,C16,5,P39,sweets,1
266,C17,2,P33,fruit_veg,1
267,C17,2,P30,fruit_veg,1
268,C17,2,P27,fruit_veg,1
269,C17,2,P25,fruit_veg,1
270,C17,2,P24,fruit_veg,1
271,C17,2,P23,fruit_veg,1
272,C17,2,P22,fruit_veg,1
273,C17,2,P21,clothes,1
274,C17,2,P20,clothes,1
275,C17,2,P14,clothes,1
276,C17,2,P10,house,1
277,C17,2,P08,house,1
278,C17,2,P06,house,1
279,C17,2,P04,house,1
280,C17,2,P02,house,1
281,C16,5,P59,food,1
282,C16,5,P57,food,1
283,C16,5,P54,food,1
284,C16,5,P53,food,1
285,C16,5,P50,food,1
286,C16,5,P46,food,1
287,C22,1,P27,fruit_veg,1
288,C57,2,P55,food,1
289,C22,1,P38,sweets,1
290,C23,10,P04,house,1
291,C29,7,P54,food,1
292,C29,7,P47,food,1
293,C29,7,P45,food,1
294,C29,7,P44,food,1
295,C28,3,P57,food,1
296,C28,3,P50,food,1
297,C28,3,P45,food,1
298,C28,3,P44,food,1
299,C28,3,P43,food,1
300,C29,7,P56,food,1
301,C28,3,P41,food,1
302,C28,3,P38,sweets,1
303,C28,3,P34,fruit_veg,1
304,C28,3,P32,fruit_veg,1
305,C28,3,P29,fruit_veg,1
306,C28,3,P27,fruit_veg,1
307,C28,3,P26,fruit_veg,1
308,C28,3,P24,fruit_veg,1
309,C28,3,P23,fruit_veg,1
310,C28,3,P22,fruit_veg,1
311,C28,3,P39,sweets,1
312,C27,10,P58,food,1
313,C29,7,P58,food,1
314,C3,8,P25,fruit_veg,1
315,C31,9,P57,food,1
316,C31,9,P55,food,1
317,C31,9,P50,food,1
318,C31,9,P41,food,1
319,C30,4,P37,sweets,1
320,C30,4,P31,fruit_veg,1
321,C30,4,P27,fruit_veg,1
322,C30,4,P08,house,1
323,C30,4,P04,house,1
324,C29,7,P60,food,1
325,C3,8,P56,food,1
326,C3,8,P53,food,1
327,C3,8,P51,food,1
328,C3,8,P49,food,1
329,C3,8,P48,food,1
330,C3,8,P42,food,1
331,C3,8,P37,sweets,1
332,C3,8,P33,fruit_veg,1
333,C3,8,P31,fruit_veg,1
334,C3,8,P30,fruit_veg,1
335,C3,8,P54,food,1
336,C27,10,P53,food,1
337,C27,10,P51,food,1
338,C27,10,P50,food,1
339,C24,6,P38,sweets,1
340,C24,6,P35,sweets,1
341,C24,6,P32,fruit_veg,1
342,C24,6,P31,fruit_veg,1
343,C24,6,P28,fruit_veg,1
344,C24,6,P27,fruit_veg,1
345,C24,6,P24,fruit_veg,1
346,C24,6,P18,clothes,1
347,C24,6,P14,clothes,1
348,C24,6,P40,sweets,1
349,C24,6,P13,clothes,1
350,C23,10,P57,food,1
351,C23,10,P54,food,1
352,C23,10,P53,food,1
353,C23,10,P46,food,1
354,C23,10,P39,sweets,1
355,C23,10,P38,sweets,1
356,C23,10,P36,sweets,1
357,C23,10,P35,sweets,1
358,C23,10,P07,house,1
359,C23,10,P60,food,1
360,C24,6,P42,food,1
361,C24,6,P43,food,1
362,C24,6,P46,food,1
363,C27,10,P44,food,1
364,C27,10,P43,food,1
365,C27,10,P40,sweets,1
366,C27,10,P37,sweets,1
367,C27,10,P34,fruit_veg,1
368,C26,1,P59,food,1
369,C26,1,P55,food,1
370,C26,1,P54,food,1
371,C26,1,P52,food,1
372,C26,1,P48,food,1
373,C26,1,P44,food,1
374,C26,1,P43,food,1
375,C26,1,P42,food,1
376,C25,9,P11,house,1
377,C25,9,P10,house,1
378,C24,6,P60,food,1
379,C24,6,P56,food,1
380,C24,6,P55,food,1
381,C24,6,P50,food,1
382,C24,6,P49,food,1
383,C24,6,P48,food,1
384,C22,1,P39,sweets,1
385,C136,10,P25,fruit_veg,1
386,C57,2,P57,food,1
387,C57,2,P60,food,1
388,C83,8,P51,food,1
389,C83,8,P50,food,1
390,C83,8,P44,food,1
391,C83,8,P41,food,1
392,C83,8,P39,sweets,1
393,C83,8,P37,sweets,1
394,C83,8,P36,sweets,1
395,C83,8,P21,clothes,1
396,C83,8,P19,clothes,1
397,C83,8,P54,food,1
398,C83,8,P15,clothes,1
399,C83,8,P12,house,1
400,C83,8,P07,house,1
401,C83,8,P06,house,1
402,C83,8,P05,house,1
403,C82,9,P39,sweets,1
404,C82,9,P38,sweets,1
405,C82,9,P09,house,1
406,C82,9,P07,house,1
407,C82,9,P06,house,1
408,C83,8,P13,clothes,1
409,C82,9,P03,house,1
410,C83,8,P55,food,1
411,C84,1,P23,fruit_veg,1
412,C85,8,P52,food,1
413,C85,8,P50,food,1
414,C85,8,P47,food,1
415,C85,8,P43,food,1
416,C85,8,P41,food,1
417,C85,8,P29,fruit_veg,1
418,C85,8,P27,fruit_veg,1
419,C85,8,P24,fruit_veg,1
420,C85,8,P22,fruit_veg,1
421,C84,1,P22,fruit_veg,1
422,C85,8,P12,house,1
423,C85,8,P07,house,1
424,C85,8,P06,house,1
425,C84,1,P52,food,1
426,C84,1,P51,food,1
427,C84,1,P40,sweets,1
428,C84,1,P38,sweets,1
429,C84,1,P37,sweets,1
430,C84,1,P36,sweets,1
431,C84,1,P24,fruit_veg,1
432,C85,8,P09,house,1
433,C85,8,P57,food,1
434,C81,7,P60,food,1
435,C81,7,P49,food,1
436,C79,1,P57,food,1
437,C79,1,P53,food,1
438,C79,1,P51,food,1
439,C79,1,P49,food,1
440,C79,1,P44,food,1
441,C79,1,P41,food,1
442,C79,1,P31,fruit_veg,1
443,C79,1,P29,fruit_veg,1
444,C79,1,P26,fruit_veg,1
445,C8,7,P01,house,1
446,C79,1,P24,fruit_veg,1
447,C78,9,P39,sweets,1
448,C77,9,P64,bws,1
449,C77,9,P63,bws,1
450,C77,9,P62,bws,1
451,C77,9,P40,sweets,1
452,C77,9,P39,sweets,1
453,C77,9,P38,sweets,1
454,C77,9,P37,sweets,1
455,C77,9,P35,sweets,1
456,C78,9,P61,bws,1
457,C81,7,P52,food,1
458,C8,7,P02,house,1
459,C8,7,P04,house,1
460,C81,7,P47,food,1
461,C81,7,P40,sweets,1
462,C81,7,P36,sweets,1
463,C81,7,P35,sweets,1
464,C81,7,P34,fruit_veg,1
465,C81,7,P33,fruit_veg,1
466,C81,7,P31,fruit_veg,1
467,C81,7,P28,fruit_veg,1
468,C81,7,P26,fruit_veg,1
469,C8,7,P03,house,1
470,C81,7,P24,fruit_veg,1
471,C80,9,P47,food,1
472,C80,9,P45,food,1
473,C80,9,P43,food,1
474,C80,9,P41,food,1
475,C80,9,P25,fruit_veg,1
476,C80,9,P22,fruit_veg,1
477,C8,7,P08,house,1
478,C8,7,P06,house,1
479,C8,7,P05,house,1
480,C80,9,P57,food,1
481,C85,8,P58,food,1
482,C85,8,P59,food,1
483,C86,8,P16,clothes,1
484,C96,10,P31,fruit_veg,1
485,C96,10,P30,fruit_veg,1
486,C96,10,P28,fruit_veg,1
487,C96,10,P26,fruit_veg,1
488,C96,10,P25,fruit_veg,1
489,C96,10,P24,fruit_veg,1
490,C94,10,P56,food,1
491,C94,10,P50,food,1
492,C94,10,P45,food,1
493,C96,10,P32,fruit_veg,1
494,C94,10,P39,sweets,1
495,C94,10,P36,sweets,1
496,C94,10,P33,fruit_veg,1
497,C94,10,P27,fruit_veg,1
498,C94,10,P26,fruit_veg,1
499,C94,10,P23,fruit_veg,1
500,C93,5,P34,fruit_veg,1
501,C93,5,P33,fruit_veg,1
502,C93,5,P32,fruit_veg,1
503,C93,5,P30,fruit_veg,1
504,C94,10,P37,sweets,1
505,C93,5,P29,fruit_veg,1
506,C96,10,P35,sweets,1
507,C96,10,P46,food,1
508,C99,9,P62,bws,1
509,C99,9,P61,bws,1
510,C99,9,P34,fruit_veg,1
511,C99,9,P33,fruit_veg,1
512,C99,9,P32,fruit_veg,1
513,C99,9,P24,fruit_veg,1
514,C98,7,P64,bws,1
515,C98,7,P63,bws,1
516,C98,7,P42,food,1
517,C96,10,P43,food,1
518,C98,7,P40,sweets,1
519,C98,7,P37,sweets,1
520,C97,9,P31,fruit_veg,1
521,C97,9,P22,fruit_veg,1
522,C96,10,P60,food,1
523,C96,10,P57,food,1
524,C96,10,P54,food,1
525,C96,10,P53,food,1
526,C96,10,P52,food,1
527,C96,10,P49,food,1
528,C98,7,P39,sweets,1
529,C93,5,P27,fruit_veg,1
530,C93,5,P26,fruit_veg,1
531,C93,5,P22,fruit_veg,1
532,C89,8,P41,food,1
533,C89,8,P31,fruit_veg,1
534,C88,1,P34,fruit_veg,1
535,C88,1,P30,fruit_veg,1
536,C88,1,P29,fruit_veg,1
537,C88,1,P26,fruit_veg,1
538,C88,1,P23,fruit_veg,1
539,C88,1,P22,fruit_veg,1
540,C88,1,P21,clothes,1
541,C89,8,P42,food,1
542,C88,1,P18,clothes,1
543,C88,1,P15,clothes,1
544,C88,1,P14,clothes,1
545,C87,3,P51,food,1
546,C87,3,P49,food,1
547,C86,8,P56,food,1
548,C86,8,P55,food,1
549,C86,8,P49,food,1
550,C86,8,P46,food,1
551,C86,8,P41,food,1
552,C88,1,P17,clothes,1
553,C89,8,P48,food,1
554,C89,8,P50,food,1
555,C89,8,P53,food,1
556,C92,1,P32,fruit_veg,1
557,C92,1,P29,fruit_veg,1
558,C92,1,P27,fruit_veg,1
559,C92,1,P22,fruit_veg,1
560,C92,1,P21,clothes,1
561,C90,3,P20,clothes,1
562,C90,3,P18,clothes,1
563,C90,3,P16,clothes,1
564,C9,8,P59,food,1
565,C9,8,P54,food,1
566,C9,8,P52,food,1
567,C9,8,P51,food,1
568,C9,8,P50,food,1
569,C9,8,P47,food,1
570,C9,8,P46,food,1
571,C9,8,P45,food,1
572,C9,8,P43,food,1
573,C9,8,P19,clothes,1
574,C9,8,P16,clothes,1
575,C89,8,P60,food,1
576,C89,8,P54,food,1
577,C77,9,P10,house,1
578,C77,9,P04,house,1
579,C77,9,P02,house,1
580,C76,10,P34,fruit_veg,1
581,C65,2,P57,food,1
582,C65,2,P53,food,1
583,C65,2,P52,food,1
584,C65,2,P51,food,1
585,C65,2,P49,food,1
586,C65,2,P48,food,1
587,C65,2,P46,food,1
588,C65,2,P43,food,1
589,C65,2,P42,food,1
590,C66,10,P42,food,1
591,C65,2,P39,sweets,1
592,C65,2,P11,house,1
593,C65,2,P09,house,1
594,C65,2,P07,house,1
595,C65,2,P06,house,1
596,C65,2,P04,house,1
597,C65,2,P02,house,1
598,C65,2,P01,house,1
599,C64,10,P60,food,1
600,C64,10,P59,food,1
601,C65,2,P38,sweets,1
602,C64,10,P57,food,1
603,C66,10,P43,food,1
604,C66,10,P46,food,1
605,C67,4,P62,bws,1
606,C67,4,P51,food,1
607,C67,4,P50,food,1
608,C67,4,P49,food,1
609,C67,4,P45,food,1
610,C67,4,P32,fruit_veg,1
611,C67,4,P31,fruit_veg,1
612,C67,4,P30,fruit_veg,1
613,C67,4,P28,fruit_veg,1
614,C66,10,P45,food,1
615,C67,4,P27,fruit_veg,1
616,C67,4,P25,fruit_veg,1
617,C67,4,P08,house,1
618,C67,4,P06,house,1
619,C67,4,P05,house,1
620,C67,4,P04,house,1
621,C66,10,P58,food,1
622,C66,10,P53,food,1
623,C66,10,P50,food,1
624,C66,10,P49,food,1
625,C67,4,P26,fruit_veg,1
626,C64,10,P54,food,1
627,C64,10,P53,food,1
628,C64,10,P51,food,1
629,C6,10,P35,sweets,1
630,C6,10,P27,fruit_veg,1
631,C6,10,P23,fruit_veg,1
632,C6,10,P22,fruit_veg,1
633,C58,6,P60,food,1
634,C58,6,P58,food,1
635,C58,6,P54,food,1
636,C58,6,P49,food,1
637,C58,6,P44,food,1
638,C6,10,P38,sweets,1
639,C58,6,P41,food,1
640,C58,6,P36,sweets,1
641,C58,6,P35,sweets,1
642,C58,6,P33,fruit_veg,1
643,C58,6,P32,fruit_veg,1
644,C58,6,P31,fruit_veg,1
645,C58,6,P28,fruit_veg,1
646,C58,6,P26,fruit_veg,1
647,C58,6,P25,fruit_veg,1
648,C58,6,P22,fruit_veg,1
649,C58,6,P37,sweets,1
650,C6,10,P40,sweets,1
651,C60,10,P41,food,1
652,C60,10,P42,food,1
653,C64,10,P49,food,1
654,C64,10,P44,food,1
655,C64,10,P43,food,1
656,C64,10,P41,food,1
657,C62,6,P62,bws,1
658,C62,6,P34,fruit_veg,1
659,C62,6,P31,fruit_veg,1
660,C62,6,P21,clothes,1
661,C62,6,P20,clothes,1
662,C62,6,P17,clothes,1
663,C62,6,P12,house,1
664,C62,6,P11,house,1
665,C62,6,P10,house,1
666,C62,6,P08,house,1
667,C62,6,P01,house,1
668,C61,4,P61,bws,1
669,C61,4,P39,sweets,1
670,C60,10,P57,food,1
671,C60,10,P54,food,1
672,C60,10,P51,food,1
673,C60,10,P46,food,1
674,C68,8,P01,house,1
675,C57,2,P58,food,1
676,C68,8,P03,house,1
677,C68,8,P07,house,1
678,C73,2,P28,fruit_veg,1
679,C73,2,P27,fruit_veg,1
680,C72,5,P59,food,1
681,C72,5,P58,food,1
682,C72,5,P55,food,1
683,C72,5,P54,food,1
684,C72,5,P52,food,1
685,C72,5,P50,food,1
686,C72,5,P48,food,1
687,C73,2,P29,fruit_veg,1
688,C72,5,P47,food,1
689,C72,5,P43,food,1
690,C72,5,P42,food,1
691,C71,8,P64,bws,1
692,C71,8,P63,bws,1
693,C71,8,P62,bws,1
694,C71,8,P53,food,1
695,C71,8,P51,food,1
696,C71,8,P48,food,1
697,C71,8,P47,food,1
698,C72,5,P46,food,1
699,C71,8,P32,fruit_veg,1
700,C73,2,P30,fruit_veg,1
701,C73,2,P47,food,1
702,C76,10,P31,fruit_veg,1
703,C76,10,P29,fruit_veg,1
704,C76,10,P28,fruit_veg,1
705,C76,10,P24,fruit_veg,1
706,C76,10,P22,fruit_veg,1
707,C75,8,P61,bws,1
708,C75,8,P58,food,1
709,C75,8,P49,food,1
710,C75,8,P47,food,1
711,C73,2,P39,sweets,1
712,C75,8,P46,food,1
713,C75,8,P33,fruit_veg,1
714,C75,8,P32,fruit_veg,1
715,C74,5,P02,house,1
716,C73,2,P61,bws,1
717,C73,2,P58,food,1
718,C73,2,P56,food,1
719,C73,2,P53,food,1
720,C73,2,P50,food,1
721,C73,2,P49,food,1
722,C75,8,P34,fruit_veg,1
723,C71,8,P30,fruit_veg,1
724,C71,8,P29,fruit_veg,1
725,C71,8,P27,fruit_veg,1
726,C69,7,P26,fruit_veg,1
727,C69,7,P12,house,1
728,C69,7,P07,house,1
729,C68,8,P64,bws,1
730,C68,8,P61,bws,1
731,C68,8,P59,food,1
732,C68,8,P54,food,1
733,C68,8,P52,food,1
734,C68,8,P51,food,1
735,C69,7,P28,fruit_veg,1
736,C68,8,P50,food,1
737,C68,8,P44,food,1
738,C68,8,P32,fruit_veg,1
739,C68,8,P31,fruit_veg,1
740,C68,8,P26,fruit_veg,1
741,C68,8,P24,fruit_veg,1
742,C68,8,P23,fruit_veg,1
743,C68,8,P20,clothes,1
744,C68,8,P19,clothes,1
745,C68,8,P09,house,1
746,C68,8,P49,food,1
747,C69,7,P29,fruit_veg,1
748,C69,7,P36,sweets,1
749,C69,7,P37,sweets,1
750,C71,8,P24,fruit_veg,1
751,C71,8,P23,fruit_veg,1
752,C71,8,P20,clothes,1
753,C71,8,P19,clothes,1
754,C71,8,P10,house,1
755,C71,8,P09,house,1
756,C71,8,P07,house,1
757,C71,8,P04,house,1
758,C71,8,P03,house,1
759,C71,8,P01,house,1
760,C70,9,P12,house,1
761,C70,9,P11,house,1
762,C70,9,P07,house,1
763,C70,9,P06,house,1
764,C70,9,P05,house,1
765,C7,3,P64,bws,1
766,C7,3,P61,bws,1
767,C69,7,P60,food,1
768,C69,7,P46,food,1
769,C69,7,P42,food,1
770,C69,7,P39,sweets,1
771,C68,8,P05,house,1
772,C136,10,P23,fruit_veg,1
773,C99,9,P64,bws,1
774,C117,10,P53,food,1
775,C105,8,P33,fruit_veg,1
776,C105,8,P25,fruit_veg,1
777,C124,7,P49,food,1
778,C124,7,P50,food,1
779,C124,7,P51,food,1
780,C124,7,P54,food,1
781,C105,8,P06,house,1
782,C105,8,P05,house,1
783,C105,8,P04,house,1
784,C125,1,P24,fruit_veg,1
785,C125,1,P27,fruit_veg,1
786,C125,1,P28,fruit_veg,1
787,C105,8,P35,sweets,1
788,C125,1,P31,fruit_veg,1
789,C125,1,P37,sweets,1
790,C125,1,P44,food,1
791,C125,1,P57,food,1
792,C125,1,P63,bws,1
793,C126,4,P02,house,1
794,C104,7,P27,fruit_veg,1
795,C103,7,P54,food,1
796,C103,7,P53,food,1
797,C126,4,P22,fruit_veg,1
798,C126,4,P23,fruit_veg,1
799,C103,7,P50,food,1
800,C103,7,P46,food,1
801,C125,1,P36,sweets,1
802,C103,7,P38,sweets,1
803,C124,7,P41,food,1
804,C105,8,P44,food,1
805,C122,10,P16,clothes,1
806,C122,10,P17,clothes,1
807,C106,5,P50,food,1
808,C122,10,P18,clothes,1
809,C122,10,P19,clothes,1
810,C106,5,P40,sweets,1
811,C106,5,P39,sweets,1
812,C122,10,P37,sweets,1
813,C106,5,P37,sweets,1
814,C106,5,P36,sweets,1
815,C106,5,P35,sweets,1
816,C122,10,P38,sweets,1
817,C105,8,P36,sweets,1
818,C122,10,P39,sweets,1
819,C123,3,P23,fruit_veg,1
820,C123,3,P24,fruit_veg,1
821,C123,3,P30,fruit_veg,1
822,C123,3,P34,fruit_veg,1
823,C123,3,P61,bws,1
824,C106,5,P30,fruit_veg,1
825,C123,3,P62,bws,1
826,C124,7,P02,house,1
827,C106,5,P28,fruit_veg,1
828,C124,7,P03,house,1
829,C124,7,P08,house,1
830,C105,8,P59,food,1
831,C122,10,P40,sweets,1
832,C106,5,P52,food,1
833,C126,4,P24,fruit_veg,1
834,C126,4,P33,fruit_veg,1
835,C128,5,P60,food,1
836,C101,2,P36,sweets,1
837,C129,7,P05,house,1
838,C129,7,P08,house,1
839,C129,7,P11,house,1
840,C129,7,P51,food,1
841,C129,7,P59,food,1
842,C129,7,P63,bws,1
843,C13,8,P24,fruit_veg,1
844,C13,8,P25,fruit_veg,1
845,C101,2,P34,fruit_veg,1
846,C101,2,P33,fruit_veg,1
847,C128,5,P59,food,1
848,C101,2,P29,fruit_veg,1
849,C101,2,P22,fruit_veg,1
850,C101,2,P11,house,1
851,C13,8,P42,food,1
852,C101,2,P09,house,1
853,C101,2,P07,house,1
854,C101,2,P05,house,1
855,C100,8,P58,food,1
856,C13,8,P44,food,1
857,C100,8,P56,food,1
858,C13,8,P48,food,1
859,C13,8,P52,food,1
860,C13,8,P54,food,1
861,C101,2,P28,fruit_veg,1
862,C126,4,P25,fruit_veg,1
863,C101,2,P39,sweets,1
864,C128,5,P56,food,1
865,C126,4,P38,sweets,1
866,C103,7,P29,fruit_veg,1
867,C103,7,P28,fruit_veg,1
868,C127,4,P04,house,1
869,C127,4,P05,house,1
870,C127,4,P06,house,1
871,C127,4,P08,house,1
872,C127,4,P10,house,1
873,C103,7,P27,fruit_veg,1
874,C103,7,P25,fruit_veg,1
875,C127,4,P12,house,1
876,C102,1,P58,food,1
877,C128,5,P58,food,1
878,C102,1,P51,food,1
879,C102,1,P44,food,1
880,C102,1,P34,fruit_veg,1
881,C102,1,P32,fruit_veg,1
882,C102,1,P30,fruit_veg,1
883,C102,1,P27,fruit_veg,1
884,C102,1,P23,fruit_veg,1
885,C102,1,P22,fruit_veg,1
886,C101,2,P57,food,1
887,C128,5,P35,sweets,1
888,C101,2,P53,food,1
889,C101,2,P41,food,1
890,C128,5,P51,food,1
891,C102,1,P48,food,1
892,C13,8,P55,food,1
893,C106,5,P64,bws,1
894,C121,10,P32,fruit_veg,1
895,C116,5,P23,fruit_veg,1
896,C116,5,P24,fruit_veg,1
897,C116,5,P27,fruit_veg,1
898,C116,5,P29,fruit_veg,1
899,C116,5,P32,fruit_veg,1
900,C116,5,P34,fruit_veg,1
901,C111,1,P04,house,1
902,C116,5,P42,food,1
903,C116,5,P43,food,1
904,C111,1,P02,house,1
905,C110,3,P56,food,1
906,C116,5,P45,food,1
907,C111,1,P05,house,1
908,C110,3,P55,food,1
909,C116,5,P48,food,1
910,C110,3,P51,food,1
911,C116,5,P50,food,1
912,C116,5,P52,food,1
913,C116,5,P54,food,1
914,C116,5,P55,food,1
915,C116,5,P58,food,1
916,C116,5,P59,food,1
917,C117,10,P13,clothes,1
918,C117,10,P16,clothes,1
919,C117,10,P19,clothes,1
920,C117,10,P35,sweets,1
921,C116,5,P47,food,1
922,C110,3,P42,food,1
923,C116,5,P22,fruit_veg,1
924,C111,1,P11,house,1
925,C112,3,P48,food,1
926,C112,3,P52,food,1
927,C112,3,P53,food,1
928,C112,3,P58,food,1
929,C112,3,P60,food,1
930,C112,3,P12,house,1
931,C113,5,P07,house,1
932,C113,5,P10,house,1
933,C113,5,P12,house,1
934,C112,3,P10,house,1
935,C112,3,P09,house,1
936,C112,3,P08,house,1
937,C111,1,P08,house,1
938,C112,3,P06,house,1
939,C114,3,P42,food,1
940,C114,3,P56,food,1
941,C114,3,P58,food,1
942,C115,1,P22,fruit_veg,1
943,C111,1,P40,sweets,1
944,C111,1,P39,sweets,1
945,C111,1,P38,sweets,1
946,C111,1,P37,sweets,1
947,C111,1,P35,sweets,1
948,C111,1,P32,fruit_veg,1
949,C111,1,P27,fruit_veg,1
950,C111,1,P26,fruit_veg,1
951,C114,3,P41,food,1
952,C107,3,P26,fruit_veg,1
953,C117,10,P39,sweets,1
954,C117,10,P41,food,1
955,C11,4,P31,fruit_veg,1
956,C11,4,P30,fruit_veg,1
957,C11,4,P29,fruit_veg,1
958,C12,8,P27,fruit_veg,1
959,C11,4,P27,fruit_veg,1
960,C11,4,P25,fruit_veg,1
961,C11,4,P12,house,1
962,C11,4,P11,house,1
963,C11,4,P10,house,1
964,C11,4,P07,house,1
965,C12,8,P35,sweets,1
966,C12,8,P36,sweets,1
967,C11,4,P32,fruit_veg,1
968,C11,4,P04,house,1
969,C108,8,P60,food,1
970,C12,8,P37,sweets,1
971,C108,8,P54,food,1
972,C120,9,P42,food,1
973,C120,9,P44,food,1
974,C120,9,P46,food,1
975,C120,9,P54,food,1
976,C121,10,P22,fruit_veg,1
977,C121,10,P24,fruit_veg,1
978,C121,10,P26,fruit_veg,1
979,C121,10,P27,fruit_veg,1
980,C121,10,P30,fruit_veg,1
981,C11,4,P03,house,1
982,C11,4,P59,food,1
983,C119,7,P59,food,1
984,C119,7,P54,food,1
985,C117,10,P42,food,1
986,C117,10,P46,food,1
987,C117,10,P49,food,1
988,C135,2,P59,food,1
989,C117,10,P59,food,1
990,C117,10,P60,food,1
991,C118,7,P23,fruit_veg,1
992,C118,7,P25,fruit_veg,1
993,C118,7,P28,fruit_veg,1
994,C118,7,P30,fruit_veg,1
995,C11,4,P50,food,1
996,C118,7,P31,fruit_veg,1
997,C119,7,P55,food,1
998,C118,7,P42,food,1
999,C118,7,P49,food,1
1000,C118,7,P50,food,1
1001,C118,7,P53,food,1
1002,C118,7,P58,food,1
1003,C119,7,P02,house,1
1004,C119,7,P04,house,1
1005,C119,7,P41,food,1
1006,C119,7,P44,food,1
1007,C119,7,P46,food,1
1008,C119,7,P48,food,1
1009,C11,4,P42,food,1
1010,C119,7,P51,food,1
1011,C118,7,P45,food,1
1012,C13,8,P56,food,1
1013,C105,8,P22,fruit_veg,1
1014,C130,7,P23,fruit_veg,1
1015,C134,6,P32,fruit_veg,1
1016,C134,6,P33,fruit_veg,1
1017,C135,2,P04,house,1
1018,C135,2,P05,house,1
1019,C135,2,P08,house,1
1020,C135,2,P11,house,1
1021,C100,8,P38,sweets,1
1022,C100,8,P40,sweets,1
1023,C10,5,P43,food,1
1024,C131,4,P47,food,1
1025,C131,4,P46,food,1
1026,C131,4,P45,food,1
1027,C10,5,P34,fruit_veg,1
1028,C131,4,P44,food,1
1029,C131,4,P42,food,1
1030,C131,4,P41,food,1
1031,C100,8,P42,food,1
1032,C10,5,P32,fruit_veg,1
1033,C10,5,P31,fruit_veg,1
1034,C135,2,P47,food,1
1035,C100,8,P44,food,1
1036,C10,5,P24,fruit_veg,1
1037,C131,4,P37,sweets,1
1038,C135,2,P49,food,1
1039,C131,4,P35,sweets,1
1040,C131,4,P30,fruit_veg,1
1041,C131,4,P29,fruit_veg,1
1042,C100,8,P35,sweets,1
1043,C10,5,P22,fruit_veg,1
1044,C134,6,P25,fruit_veg,1
1045,C134,6,P22,fruit_veg,1
1046,C100,8,P13,clothes,1
1047,C100,8,P15,clothes,1
1048,C10,5,P59,food,1
1049,C13,8,P57,food,1
1050,C10,5,P58,food,1
1051,C100,8,P20,clothes,1
1052,C100,8,P23,fruit_veg,1
1053,C132,7,P07,house,1
1054,C100,8,P25,fruit_veg,1
1055,C132,7,P05,house,1
1056,C132,7,P04,house,1
1057,C132,7,P03,house,1
1058,C133,3,P27,fruit_veg,1
1059,C131,4,P60,food,1
1060,C133,3,P37,sweets,1
1061,C133,3,P38,sweets,1
1062,C131,4,P59,food,1
1063,C131,4,P57,food,1
1064,C131,4,P53,food,1
1065,C133,3,P44,food,1
1066,C133,3,P46,food,1
1067,C133,3,P50,food,1
1068,C133,3,P52,food,1
1069,C10,5,P52,food,1
1070,C133,3,P53,food,1
1071,C133,3,P59,food,1
1072,C100,8,P34,fruit_veg,1
1073,C10,5,P48,food,1
1074,C131,4,P25,fruit_veg,1
1075,C132,7,P12,house,1
1076,C130,7,P26,fruit_veg,1
1077,C130,7,P40,sweets,1
1078,C135,2,P53,food,1
1079,C130,7,P58,food,1
1080,C130,7,P33,fruit_veg,1
1081,C135,2,P58,food,1
1082,C135,2,P52,food,1
1083,C130,7,P27,fruit_veg,1
1084,C135,2,P55,food,1
1085,C130,7,P54,food,1
1086,C131,4,P24,fruit_veg,1
1087,C130,7,P57,food,1
1088,C135,2,P54,food,1
1089,C130,7,P28,fruit_veg,1
1090,C49,7,P55,food,2
1091,C108,8,P59,food,2
1092,C49,7,P59,food,2
1093,C133,3,P26,fruit_veg,2
1094,C115,1,P23,fruit_veg,2
1095,C73,2,P31,fruit_veg,2
1096,C73,2,P33,fruit_veg,2
1097,C12,8,P40,sweets,2
1098,C11,4,P01,house,2
1099,C67,4,P63,bws,2
1100,C68,8,P02,house,2
1101,C133,3,P30,fruit_veg,2
1102,C73,2,P35,sweets,2
1103,C49,7,P52,food,2
1104,C49,7,P48,food,2
1105,C73,2,P64,bws,2
1106,C10,5,P56,food,2
1107,C49,7,P14,clothes,2
1108,C75,8,P31,fruit_veg,2
1109,C75,8,P29,fruit_veg,2
1110,C75,8,P27,fruit_veg,2
1111,C112,3,P57,food,2
1112,C75,8,P24,fruit_veg,2
1113,C75,8,P23,fruit_veg,2
1114,C49,7,P41,food,2
1115,C49,7,P42,food,2
1116,C99,9,P27,fruit_veg,2
1117,C49,7,P44,food,2
1118,C74,5,P11,house,2
1119,C49,7,P47,food,2
1120,C112,3,P59,food,2
1121,C133,3,P34,fruit_veg,2
1122,C49,7,P49,food,2
1123,C49,7,P51,food,2
1124,C18,8,P26,fruit_veg,2
1125,C133,3,P35,sweets,2
1126,C50,8,P26,fruit_veg,2
1127,C10,5,P54,food,2
1128,C133,3,P41,food,2
1129,C52,1,P40,sweets,2
1130,C53,4,P01,house,2
1131,C53,4,P02,house,2
1132,C53,4,P03,house,2
1133,C68,8,P11,house,2
1134,C12,8,P26,fruit_veg,2
1135,C12,8,P24,fruit_veg,2
1136,C53,4,P08,house,2
1137,C12,8,P22,fruit_veg,2
1138,C53,4,P10,house,2
1139,C94,10,P38,sweets,2
1140,C53,4,P22,fruit_veg,2
1141,C53,4,P25,fruit_veg,2
1142,C68,8,P12,house,2
1143,C11,4,P39,sweets,2
1144,C12,8,P34,fruit_veg,2
1145,C112,3,P35,sweets,2
1146,C52,1,P35,sweets,2
1147,C50,8,P31,fruit_veg,2
1148,C12,8,P31,fruit_veg,2
1149,C133,3,P36,sweets,2
1150,C17,2,P39,sweets,2
1151,C17,2,P37,sweets,2
1152,C12,8,P30,fruit_veg,2
1153,C66,10,P59,food,2
1154,C52,1,P36,sweets,2
1155,C68,8,P04,house,2
1156,C12,8,P29,fruit_veg,2
1157,C11,4,P28,fruit_veg,2
1158,C51,3,P33,fruit_veg,2
1159,C66,10,P57,food,2
1160,C51,3,P34,fruit_veg,2
1161,C10,5,P55,food,2
1162,C133,3,P39,sweets,2
1163,C51,3,P28,fruit_veg,2
1164,C75,8,P41,food,2
1165,C48,4,P38,sweets,2
1166,C75,8,P43,food,2
1167,C10,5,P57,food,2
1168,C121,10,P63,bws,2
1169,C45,10,P52,food,2
1170,C107,3,P22,fruit_veg,2
1171,C79,1,P25,fruit_veg,2
1172,C107,3,P23,fruit_veg,2
1173,C79,1,P22,fruit_veg,2
1174,C45,10,P60,food,2
1175,C78,9,P36,sweets,2
1176,C18,8,P62,bws,2
1177,C112,3,P55,food,2
1178,C46,5,P07,house,2
1179,C107,3,P27,fruit_veg,2
1180,C77,9,P61,bws,2
1181,C46,5,P12,house,2
1182,C46,5,P13,clothes,2
1183,C107,3,P29,fruit_veg,2
1184,C121,10,P64,bws,2
1185,C79,1,P30,fruit_veg,2
1186,C79,1,P33,fruit_veg,2
1187,C79,1,P34,fruit_veg,2
1188,C79,1,P58,food,2
1189,C122,10,P21,clothes,2
1190,C99,9,P30,fruit_veg,2
1191,C79,1,P56,food,2
1192,C79,1,P54,food,2
1193,C112,3,P51,food,2
1194,C44,9,P49,food,2
1195,C106,5,P46,food,2
1196,C107,3,P30,fruit_veg,2
1197,C44,9,P53,food,2
1198,C67,4,P34,fruit_veg,2
1199,C44,9,P56,food,2
1200,C79,1,P50,food,2
1201,C67,4,P33,fruit_veg,2
1202,C44,9,P59,food,2
1203,C99,9,P28,fruit_veg,2
1204,C45,10,P43,food,2
1205,C79,1,P43,food,2
1206,C19,6,P29,fruit_veg,2
1207,C48,4,P62,bws,2
1208,C107,3,P31,fruit_veg,2
1209,C121,10,P33,fruit_veg,2
1210,C108,8,P50,food,2
1211,C75,8,P55,food,2
1212,C108,8,P51,food,2
1213,C18,8,P54,food,2
1214,C47,2,P39,sweets,2
1215,C120,9,P53,food,2
1216,C75,8,P48,food,2
1217,C48,4,P03,house,2
1218,C108,8,P53,food,2
1219,C18,8,P53,food,2
1220,C120,9,P45,food,2
1221,C18,8,P51,food,2
1222,C48,4,P12,house,2
1223,C75,8,P44,food,2
1224,C94,10,P32,fruit_veg,2
1225,C48,4,P37,sweets,2
1226,C112,3,P56,food,2
1227,C75,8,P60,food,2
1228,C47,2,P30,fruit_veg,2
1229,C108,8,P49,food,2
1230,C132,7,P30,fruit_veg,2
1231,C107,3,P34,fruit_veg,2
1232,C46,5,P35,sweets,2
1233,C108,8,P41,food,2
1234,C76,10,P39,sweets,2
1235,C76,10,P37,sweets,2
1236,C76,10,P33,fruit_veg,2
1237,C76,10,P30,fruit_veg,2
1238,C47,2,P04,house,2
1239,C77,9,P36,sweets,2
1240,C76,10,P27,fruit_veg,2
1241,C132,7,P27,fruit_veg,2
1242,C47,2,P08,house,2
1243,C47,2,P09,house,2
1244,C121,10,P28,fruit_veg,2
1245,C75,8,P63,bws,2
1246,C94,10,P29,fruit_veg,2
1247,C94,10,P31,fruit_veg,2
1248,C18,8,P56,food,2
1249,C108,8,P48,food,2
1250,C119,7,P49,food,2
1251,C66,10,P44,food,2
1252,C68,8,P18,clothes,2
1253,C114,3,P49,food,2
1254,C14,3,P46,food,2
1255,C6,10,P29,fruit_veg,2
1256,C96,10,P56,food,2
1257,C10,5,P26,fruit_veg,2
1258,C135,2,P48,food,2
1259,C6,10,P61,bws,2
1260,C10,5,P28,fruit_veg,2
1261,C69,7,P35,sweets,2
1262,C6,10,P64,bws,2
1263,C116,5,P31,fruit_veg,2
1264,C69,7,P33,fruit_veg,2
1265,C60,10,P43,food,2
1266,C14,3,P42,food,2
1267,C60,10,P47,food,2
1268,C116,5,P28,fruit_veg,2
1269,C6,10,P63,bws,2
1270,C10,5,P29,fruit_veg,2
1271,C69,7,P43,food,2
1272,C69,7,P52,food,2
1273,C116,5,P51,food,2
1274,C110,3,P50,food,2
1275,C58,6,P39,sweets,2
1276,C58,6,P40,sweets,2
1277,C114,3,P46,food,2
1278,C58,6,P51,food,2
1279,C58,6,P53,food,2
1280,C114,3,P47,food,2
1281,C96,10,P51,food,2
1282,C10,5,P30,fruit_veg,2
1283,C70,9,P04,house,2
1284,C70,9,P03,house,2
1285,C70,9,P02,house,2
1286,C70,9,P01,house,2
1287,C7,3,P63,bws,2
1288,C7,3,P62,bws,2
1289,C59,6,P29,fruit_veg,2
1290,C60,10,P52,food,2
1291,C10,5,P25,fruit_veg,2
1292,C116,5,P25,fruit_veg,2
1293,C60,10,P60,food,2
1294,C114,3,P50,food,2
1295,C114,3,P51,food,2
1296,C136,10,P37,sweets,2
1297,C68,8,P42,food,2
1298,C98,7,P36,sweets,2
1299,C136,10,P38,sweets,2
1300,C136,10,P39,sweets,2
1301,C64,10,P40,sweets,2
1302,C115,1,P29,fruit_veg,2
1303,C115,1,P28,fruit_veg,2
1304,C98,7,P38,sweets,2
1305,C64,10,P45,food,2
1306,C64,10,P46,food,2
1307,C1,7,P11,house,2
1308,C68,8,P47,food,2
1309,C64,10,P52,food,2
1310,C115,1,P24,fruit_veg,2
1311,C98,7,P35,sweets,2
1312,C96,10,P42,food,2
1313,C68,8,P62,bws,2
1314,C69,7,P05,house,2
1315,C61,4,P35,sweets,2
1316,C69,7,P31,fruit_veg,2
1317,C96,10,P62,bws,2
1318,C96,10,P64,bws,2
1319,C61,4,P62,bws,2
1320,C61,4,P63,bws,2
1321,C97,9,P28,fruit_veg,2
1322,C111,1,P09,house,2
1323,C69,7,P23,fruit_veg,2
1324,C69,7,P22,fruit_veg,2
1325,C62,6,P19,clothes,2
1326,C10,5,P23,fruit_veg,2
1327,C62,6,P32,fruit_veg,2
1328,C97,9,P34,fruit_veg,2
1329,C62,6,P61,bws,2
1330,C115,1,P30,fruit_veg,2
1331,C69,7,P06,house,2
1332,C137,9,P27,fruit_veg,2
1333,C116,5,P53,food,2
1334,C96,10,P38,sweets,2
1335,C65,2,P12,house,2
1336,C54,2,P52,food,2
1337,C11,4,P43,food,2
1338,C54,2,P55,food,2
1339,C11,4,P44,food,2
1340,C65,2,P60,food,2
1341,C118,7,P39,sweets,2
1342,C71,8,P28,fruit_veg,2
1343,C11,4,P46,food,2
1344,C55,8,P25,fruit_veg,2
1345,C44,9,P40,sweets,2
1346,C118,7,P35,sweets,2
1347,C10,5,P45,food,2
1348,C55,8,P47,food,2
1349,C16,5,P36,sweets,2
1350,C99,9,P22,fruit_veg,2
1351,C135,2,P06,house,2
1352,C135,2,P07,house,2
1353,C54,2,P51,food,2
1354,C55,8,P61,bws,2
1355,C54,2,P50,food,2
1356,C54,2,P48,food,2
1357,C71,8,P40,sweets,2
1358,C10,5,P51,food,2
1359,C71,8,P38,sweets,2
1360,C10,5,P50,food,2
1361,C96,10,P23,fruit_veg,2
1362,C53,4,P53,food,2
1363,C133,3,P64,bws,2
1364,C53,4,P55,food,2
1365,C113,5,P11,house,2
1366,C71,8,P37,sweets,2
1367,C136,10,P28,fruit_veg,2
1368,C66,10,P41,food,2
1369,C54,2,P42,food,2
1370,C54,2,P43,food,2
1371,C134,6,P28,fruit_veg,2
1372,C134,6,P29,fruit_veg,2
1373,C54,2,P47,food,2
1374,C71,8,P33,fruit_veg,2
1375,C53,4,P34,fruit_veg,2
1376,C11,4,P51,food,2
1377,C136,10,P33,fruit_veg,2
1378,C117,10,P36,sweets,2
1379,C10,5,P41,food,2
1380,C57,2,P51,food,2
1381,C57,2,P53,food,2
1382,C15,6,P40,sweets,2
1383,C136,10,P35,sweets,2
1384,C114,3,P43,food,2
1385,C110,3,P48,food,2
1386,C65,2,P41,food,2
1387,C96,10,P33,fruit_veg,2
1388,C70,9,P10,house,2
1389,C96,10,P34,fruit_veg,2
1390,C116,5,P60,food,2
1391,C114,3,P45,food,2
1392,C68,8,P33,fruit_veg,2
1393,C58,6,P27,fruit_veg,2
1394,C65,2,P35,sweets,2
1395,C57,2,P39,sweets,2
1396,C71,8,P16,clothes,2
1397,C110,3,P43,food,2
1398,C57,2,P35,sweets,2
1399,C56,4,P42,food,2
1400,C135,2,P10,house,2
1401,C117,10,P44,food,2
1402,C56,4,P45,food,2
1403,C56,4,P47,food,2
1404,C68,8,P29,fruit_veg,2
1405,C56,4,P49,food,2
1406,C56,4,P50,food,2
1407,C56,4,P51,food,2
1408,C112,3,P04,house,2
1409,C11,4,P54,food,2
1410,C56,4,P54,food,2
1411,C56,4,P56,food,2
1412,C65,2,P47,food,2
1413,C98,7,P58,food,2
1414,C135,2,P42,food,2
1415,C57,2,P32,fruit_veg,2
1416,C135,2,P44,food,2
1417,C11,4,P48,food,2
1418,C19,6,P27,fruit_veg,2
1419,C122,10,P36,sweets,2
1420,C22,1,P06,house,2
1421,C31,9,P42,food,2
1422,C31,9,P44,food,2
1423,C31,9,P47,food,2
1424,C22,1,P05,house,2
1425,C31,9,P53,food,2
1426,C31,9,P54,food,2
1427,C127,4,P07,house,2
1428,C131,4,P49,food,2
1429,C31,9,P56,food,2
1430,C85,8,P23,fruit_veg,2
1431,C32,3,P39,sweets,2
1432,C85,8,P10,house,2
1433,C32,3,P47,food,2
1434,C32,3,P52,food,2
1435,C85,8,P05,house,2
1436,C84,1,P58,food,2
1437,C84,1,P57,food,2
1438,C100,8,P41,food,2
1439,C9,8,P56,food,2
1440,C85,8,P28,fruit_veg,2
1441,C85,8,P31,fruit_veg,2
1442,C3,8,P46,food,2
1443,C86,8,P48,food,2
1444,C102,1,P24,fruit_veg,2
1445,C127,4,P20,clothes,2
1446,C86,8,P45,food,2
1447,C86,8,P42,food,2
1448,C30,4,P01,house,2
1449,C22,1,P28,fruit_veg,2
1450,C85,8,P30,fruit_veg,2
1451,C86,8,P20,clothes,2
1452,C102,1,P28,fruit_veg,2
1453,C30,4,P11,house,2
1454,C86,8,P14,clothes,2
1455,C85,8,P60,food,2
1456,C131,4,P43,food,2
1457,C102,1,P49,food,2
1458,C22,1,P11,house,2
1459,C85,8,P34,fruit_veg,2
1460,C30,4,P07,house,2
1461,C126,4,P30,fruit_veg,2
1462,C126,4,P29,fruit_veg,2
1463,C126,4,P28,fruit_veg,2
1464,C104,7,P28,fruit_veg,2
1465,C35,7,P22,fruit_veg,2
1466,C104,7,P29,fruit_veg,2
1467,C35,7,P24,fruit_veg,2
1468,C126,4,P05,house,2
1469,C126,4,P04,house,2
1470,C126,4,P03,house,2
1471,C35,7,P29,fruit_veg,2
1472,C35,7,P09,house,2
1473,C104,7,P31,fruit_veg,2
1474,C35,7,P33,fruit_veg,2
1475,C35,7,P34,fruit_veg,2
1476,C36,5,P23,fruit_veg,2
1477,C36,5,P24,fruit_veg,2
1478,C92,1,P13,clothes,2
1479,C83,8,P16,clothes,2
1480,C36,5,P29,fruit_veg,2
1481,C83,8,P14,clothes,2
1482,C83,8,P18,clothes,2
1483,C104,7,P24,fruit_veg,2
1484,C83,8,P53,food,2
1485,C126,4,P12,house,2
1486,C126,4,P27,fruit_veg,2
1487,C126,4,P26,fruit_veg,2
1488,C33,5,P34,fruit_veg,2
1489,C9,8,P60,food,2
1490,C34,3,P16,clothes,2
1491,C84,1,P34,fruit_veg,2
1492,C34,3,P20,clothes,2
1493,C122,10,P35,sweets,2
1494,C21,5,P23,fruit_veg,2
1495,C84,1,P26,fruit_veg,2
1496,C34,3,P27,fruit_veg,2
1497,C34,3,P28,fruit_veg,2
1498,C84,1,P25,fruit_veg,2
1499,C34,3,P31,fruit_veg,2
1500,C34,3,P33,fruit_veg,2
1501,C90,3,P19,clothes,2
1502,C20,2,P64,bws,2
1503,C103,7,P58,food,2
1504,C103,7,P60,food,2
1505,C127,4,P62,bws,2
1506,C36,5,P31,fruit_veg,2
1507,C3,8,P41,food,2
1508,C86,8,P51,food,2
1509,C24,6,P15,clothes,2
1510,C89,8,P25,fruit_veg,2
1511,C89,8,P22,fruit_veg,2
1512,C130,7,P46,food,2
1513,C26,1,P57,food,2
1514,C13,8,P29,fruit_veg,2
1515,C101,2,P25,fruit_veg,2
1516,C88,1,P25,fruit_veg,2
1517,C26,1,P47,food,2
1518,C27,10,P29,fruit_veg,2
1519,C27,10,P33,fruit_veg,2
1520,C88,1,P20,clothes,2
1521,C88,1,P19,clothes,2
1522,C27,10,P36,sweets,2
1523,C131,4,P22,fruit_veg,2
1524,C27,10,P38,sweets,2
1525,C13,8,P23,fruit_veg,2
1526,C27,10,P45,food,2
1527,C101,2,P32,fruit_veg,2
1528,C27,10,P46,food,2
1529,C89,8,P32,fruit_veg,2
1530,C24,6,P22,fruit_veg,2
1531,C24,6,P37,sweets,2
1532,C24,6,P36,sweets,2
1533,C24,6,P54,food,2
1534,C13,8,P49,food,2
1535,C100,8,P52,food,2
1536,C9,8,P17,clothes,2
1537,C25,9,P01,house,2
1538,C25,9,P03,house,2
1539,C13,8,P43,food,2
1540,C89,8,P57,food,2
1541,C25,9,P07,house,2
1542,C25,9,P08,house,2
1543,C25,9,P09,house,2
1544,C13,8,P46,food,2
1545,C130,7,P31,fruit_veg,2
1546,C100,8,P59,food,2
1547,C89,8,P52,food,2
1548,C130,7,P35,sweets,2
1549,C89,8,P56,food,2
1550,C27,10,P49,food,2
1551,C101,2,P35,sweets,2
1552,C88,1,P16,clothes,2
1553,C28,3,P64,bws,2
1554,C87,3,P52,food,2
1555,C22,1,P34,fruit_veg,2
1556,C128,5,P44,food,2
1557,C128,5,P43,food,2
1558,C29,7,P51,food,2
1559,C128,5,P42,food,2
1560,C29,7,P55,food,2
1561,C28,3,P62,bws,2
1562,C87,3,P48,food,2
1563,C87,3,P46,food,2
1564,C128,5,P37,sweets,2
1565,C86,8,P57,food,2
1566,C22,1,P32,fruit_veg,2
1567,C3,8,P32,fruit_veg,2
1568,C22,1,P31,fruit_veg,2
1569,C127,4,P63,bws,2
1570,C3,8,P38,sweets,2
1571,C87,3,P47,food,2
1572,C28,3,P61,bws,2
1573,C87,3,P55,food,2
1574,C128,5,P47,food,2
1575,C9,8,P42,food,2
1576,C27,10,P57,food,2
1577,C129,7,P62,bws,2
1578,C27,10,P59,food,2
1579,C27,10,P60,food,2
1580,C129,7,P61,bws,2
1581,C23,10,P37,sweets,2
1582,C131,4,P36,sweets,2
1583,C22,1,P40,sweets,2
1584,C100,8,P51,food,2
1585,C131,4,P39,sweets,2
1586,C87,3,P60,food,2
1587,C22,1,P37,sweets,2
1588,C87,3,P58,food,2
1589,C87,3,P57,food,2
1590,C22,1,P36,sweets,2
1591,C128,5,P54,food,2
1592,C9,8,P44,food,2
1593,C128,5,P49,food,2
1594,C22,1,P29,fruit_veg,2
1595,C104,7,P34,fruit_veg,2
1596,C84,1,P32,fruit_veg,2
1597,C67,4,P61,bws,2
1598,C20,2,P06,house,2
1599,C41,9,P22,fruit_veg,2
1600,C43,10,P08,house,2
1601,C43,10,P10,house,2
1602,C106,5,P31,fruit_veg,2
1603,C40,4,P31,fruit_veg,2
1604,C124,7,P43,food,2
1605,C40,4,P29,fruit_veg,2
1606,C93,5,P24,fruit_veg,2
1607,C124,7,P44,food,2
1608,C124,7,P46,food,2
1609,C81,7,P37,sweets,2
1610,C40,4,P25,fruit_veg,2
1611,C81,7,P38,sweets,2
1612,C81,7,P32,fruit_veg,2
1613,C81,7,P41,food,2
1614,C123,3,P33,fruit_veg,2
1615,C124,7,P47,food,2
1616,C124,7,P48,food,2
1617,C81,7,P51,food,2
1618,C112,3,P46,food,2
1619,C93,5,P25,fruit_veg,2
1620,C123,3,P27,fruit_veg,2
1621,C43,10,P31,fruit_veg,2
1622,C92,1,P25,fruit_veg,2
1623,C123,3,P26,fruit_veg,2
1624,C40,4,P08,house,2
1625,C81,7,P64,bws,2
1626,C20,2,P36,sweets,2
1627,C100,8,P19,clothes,2
1628,C40,4,P20,clothes,2
1629,C124,7,P52,food,2
1630,C105,8,P61,bws,2
1631,C81,7,P29,fruit_veg,2
1632,C42,2,P42,food,2
1633,C42,2,P34,fruit_veg,2
1634,C100,8,P21,clothes,2
1635,C92,1,P31,fruit_veg,2
1636,C42,2,P47,food,2
1637,C42,2,P29,fruit_veg,2
1638,C92,1,P30,fruit_veg,2
1639,C80,9,P44,food,2
1640,C106,5,P29,fruit_veg,2
1641,C124,7,P06,house,2
1642,C80,9,P51,food,2
1643,C42,2,P21,clothes,2
1644,C124,7,P07,house,2
1645,C42,2,P53,food,2
1646,C92,1,P34,fruit_veg,2
1647,C42,2,P56,food,2
1648,C80,9,P52,food,2
1649,C42,2,P16,clothes,2
1650,C42,2,P15,clothes,2
1651,C80,9,P31,fruit_veg,2
1652,C124,7,P11,house,2
1653,C106,5,P24,fruit_veg,2
1654,C42,2,P59,food,2
1655,C36,5,P61,bws,2
1656,C92,1,P33,fruit_veg,2
1657,C81,7,P23,fruit_veg,2
1658,C43,10,P03,house,2
1659,C105,8,P63,bws,2
1660,C80,9,P30,fruit_veg,2
1661,C41,9,P28,fruit_veg,2
1662,C132,7,P08,house,2
1663,C8,7,P12,house,2
1664,C40,4,P10,house,2
1665,C123,3,P22,fruit_veg,2
1666,C104,7,P37,sweets,2
1667,C100,8,P17,clothes,2
1668,C105,8,P02,house,2
1669,C83,8,P09,house,2
1670,C106,5,P32,fruit_veg,2
1671,C106,5,P38,sweets,2
1672,C82,9,P11,house,2
1673,C125,1,P30,fruit_veg,2
1674,C37,9,P39,sweets,2
1675,C37,9,P40,sweets,2
1676,C125,1,P34,fruit_veg,2
1677,C19,6,P34,fruit_veg,2
1678,C125,1,P26,fruit_veg,2
1679,C43,10,P56,food,2
1680,C100,8,P18,clothes,2
1681,C43,10,P63,bws,2
1682,C39,2,P35,sweets,2
1683,C38,7,P34,fruit_veg,2
1684,C43,10,P62,bws,2
1685,C83,8,P04,house,2
1686,C93,5,P31,fruit_veg,2
1687,C124,7,P57,food,2
1688,C39,2,P38,sweets,2
1689,C2,4,P25,fruit_veg,2
1690,C44,9,P36,sweets,2
1691,C38,7,P27,fruit_veg,2
1692,C125,1,P39,sweets,2
1693,C125,1,P35,sweets,2
1694,C82,9,P01,house,2
1695,C131,4,P56,food,2
1696,C43,10,P47,food,2
1697,C83,8,P10,house,2
1698,C122,10,P62,bws,2
1699,C8,7,P11,house,2
1700,C36,5,P63,bws,2
1701,C100,8,P29,fruit_veg,2
1702,C40,4,P04,house,2
1703,C82,9,P04,house,2
1704,C122,10,P64,bws,2
1705,C99,9,P63,bws,2
1706,C36,5,P62,bws,2
1707,C8,7,P09,house,2
1708,C92,1,P24,fruit_veg,2
1709,C92,1,P14,clothes,2
1710,C111,1,P28,fruit_veg,3
1711,C107,3,P33,fruit_veg,3
1712,C80,9,P33,fruit_veg,3
1713,C79,1,P59,food,3
1714,C108,8,P43,food,3
1715,C69,7,P02,house,3
1716,C69,7,P11,house,3
1717,C69,7,P04,house,3
1718,C88,1,P13,clothes,3
1719,C69,7,P09,house,3
1720,C99,9,P29,fruit_veg,3
1721,C9,8,P21,clothes,3
1722,C80,9,P34,fruit_veg,3
1723,C87,3,P56,food,3
1724,C9,8,P41,food,3
1725,C80,9,P23,fruit_veg,3
1726,C100,8,P57,food,3
1727,C112,3,P11,house,3
1728,C100,8,P60,food,3
1729,C89,8,P46,food,3
1730,C94,10,P24,fruit_veg,3
1731,C79,1,P27,fruit_veg,3
1732,C106,5,P61,bws,3
1733,C108,8,P46,food,3
1734,C89,8,P33,fruit_veg,3
1735,C88,1,P28,fruit_veg,3
1736,C101,2,P24,fruit_veg,3
1737,C88,1,P31,fruit_veg,3
1738,C112,3,P03,house,3
1739,C88,1,P33,fruit_veg,3
1740,C79,1,P28,fruit_veg,3
1741,C89,8,P30,fruit_veg,3
1742,C68,8,P34,fruit_veg,3
1743,C9,8,P15,clothes,3
1744,C93,5,P28,fruit_veg,3
1745,C89,8,P55,food,3
1746,C99,9,P23,fruit_veg,3
1747,C112,3,P38,sweets,3
1748,C10,5,P60,food,3
1749,C112,3,P37,sweets,3
1750,C107,3,P28,fruit_veg,3
1751,C79,1,P52,food,3
1752,C8,7,P64,bws,3
1753,C100,8,P16,clothes,3
1754,C106,5,P33,fruit_veg,3
1755,C8,7,P62,bws,3
1756,C78,9,P37,sweets,3
1757,C78,9,P38,sweets,3
1758,C107,3,P25,fruit_veg,3
1759,C107,3,P24,fruit_veg,3
1760,C78,9,P63,bws,3
1761,C8,7,P61,bws,3
1762,C69,7,P27,fruit_veg,3
1763,C11,4,P38,sweets,3
1764,C94,10,P28,fruit_veg,3
1765,C90,3,P14,clothes,3
1766,C90,3,P13,clothes,3
1767,C103,7,P37,sweets,3
1768,C82,9,P05,house,3
1769,C9,8,P57,food,3
1770,C73,2,P40,sweets,3
1771,C73,2,P43,food,3
1772,C109,6,P36,sweets,3
1773,C82,9,P02,house,3
1774,C94,10,P35,sweets,3
1775,C10,5,P44,food,3
1776,C103,7,P36,sweets,3
1777,C9,8,P55,food,3
1778,C108,8,P58,food,3
1779,C71,8,P15,clothes,3
1780,C103,7,P31,fruit_veg,3
1781,C103,7,P30,fruit_veg,3
1782,C71,8,P14,clothes,3
1783,C9,8,P53,food,3
1784,C92,1,P20,clothes,3
1785,C11,4,P47,food,3
1786,C90,3,P15,clothes,3
1787,C84,1,P33,fruit_veg,3
1788,C92,1,P15,clothes,3
1789,C83,8,P17,clothes,3
1790,C72,5,P44,food,3
1791,C94,10,P40,sweets,3
1792,C83,8,P20,clothes,3
1793,C92,1,P16,clothes,3
1794,C92,1,P17,clothes,3
1795,C104,7,P36,sweets,3
1796,C92,1,P18,clothes,3
1797,C11,4,P56,food,3
1798,C11,4,P24,fruit_veg,3
1799,C72,5,P56,food,3
1800,C71,8,P35,sweets,3
1801,C72,5,P60,food,3
1802,C83,8,P03,house,3
1803,C73,2,P23,fruit_veg,3
1804,C104,7,P38,sweets,3
1805,C84,1,P31,fruit_veg,3
1806,C82,9,P12,house,3
1807,C11,4,P45,food,3
1808,C104,7,P22,fruit_veg,3
1809,C97,9,P29,fruit_veg,3
1810,C100,8,P39,sweets,3
1811,C11,4,P58,food,3
1812,C81,7,P22,fruit_veg,3
1813,C69,7,P59,food,3
1814,C80,9,P59,food,3
1815,C69,7,P38,sweets,3
1816,C75,8,P50,food,3
1817,C80,9,P56,food,3
1818,C86,8,P59,food,3
1819,C86,8,P64,bws,3
1820,C87,3,P43,food,3
1821,C87,3,P44,food,3
1822,C100,8,P50,food,3
1823,C106,5,P25,fruit_veg,3
1824,C87,3,P50,food,3
1825,C80,9,P46,food,3
1826,C75,8,P64,bws,3
1827,C69,7,P32,fruit_veg,3
1828,C87,3,P53,food,3
1829,C69,7,P30,fruit_veg,3
1830,C87,3,P54,food,3
1831,C108,8,P52,food,3
1832,C81,7,P27,fruit_veg,3
1833,C86,8,P43,food,3
1834,C86,8,P17,clothes,3
1835,C71,8,P05,house,3
1836,C81,7,P62,bws,3
1837,C105,8,P07,house,3
1838,C10,5,P42,food,3
1839,C74,5,P01,house,3
1840,C110,3,P46,food,3
1841,C85,8,P26,fruit_veg,3
1842,C75,8,P30,fruit_veg,3
1843,C108,8,P56,food,3
1844,C71,8,P08,house,3
1845,C102,1,P31,fruit_veg,3
1846,C70,9,P08,house,3
1847,C96,10,P39,sweets,3
1848,C96,10,P41,food,3
1849,C86,8,P13,clothes,3
1850,C86,8,P15,clothes,3
1851,C92,1,P28,fruit_veg,3
1852,C10,5,P33,fruit_veg,3
1853,C96,10,P45,food,3
1854,C105,8,P39,sweets,3
1855,C70,9,P09,house,3
1856,C110,3,P58,food,3
1857,C135,2,P60,food,3
1858,C42,2,P57,food,3
1859,C14,3,P53,food,3
1860,C30,4,P29,fruit_veg,3
1861,C49,7,P45,food,3
1862,C30,4,P30,fruit_veg,3
1863,C49,7,P21,clothes,3
1864,C49,7,P20,clothes,3
1865,C30,4,P35,sweets,3
1866,C49,7,P17,clothes,3
1867,C30,4,P36,sweets,3
1868,C30,4,P40,sweets,3
1869,C127,4,P03,house,3
1870,C12,8,P64,bws,3
1871,C30,4,P23,fruit_veg,3
1872,C32,3,P37,sweets,3
1873,C127,4,P01,house,3
1874,C120,9,P47,food,3
1875,C48,4,P01,house,3
1876,C47,2,P36,sweets,3
1877,C120,9,P55,food,3
1878,C120,9,P58,food,3
1879,C47,2,P33,fruit_veg,3
1880,C134,6,P31,fruit_veg,3
1881,C34,3,P13,clothes,3
1882,C14,3,P54,food,3
1883,C47,2,P02,house,3
1884,C34,3,P22,fruit_veg,3
1885,C120,9,P43,food,3
1886,C30,4,P12,house,3
1887,C30,4,P10,house,3
1888,C30,4,P06,house,3
1889,C27,10,P35,sweets,3
1890,C12,8,P23,fruit_veg,3
1891,C13,8,P26,fruit_veg,3
1892,C28,3,P31,fruit_veg,3
1893,C133,3,P40,sweets,3
1894,C128,5,P57,food,3
1895,C51,3,P63,bws,3
1896,C12,8,P28,fruit_veg,3
1897,C128,5,P50,food,3
1898,C51,3,P26,fruit_veg,3
1899,C28,3,P63,bws,3
1900,C29,7,P43,food,3
1901,C128,5,P46,food,3
1902,C29,7,P52,food,3
1903,C137,9,P32,fruit_veg,3
1904,C50,8,P32,fruit_veg,3
1905,C128,5,P40,sweets,3
1906,C133,3,P47,food,3
1907,C42,2,P25,fruit_veg,3
1908,C17,2,P19,clothes,3
1909,C14,3,P44,food,3
1910,C133,3,P54,food,3
1911,C3,8,P24,fruit_veg,3
1912,C30,4,P02,house,3
1913,C14,3,P50,food,3
1914,C12,8,P38,sweets,3
1915,C49,7,P50,food,3
1916,C34,3,P34,fruit_veg,3
1917,C13,8,P28,fruit_veg,3
1918,C46,5,P40,sweets,3
1919,C126,4,P11,house,3
1920,C44,9,P55,food,3
1921,C40,4,P02,house,3
1922,C122,10,P20,clothes,3
1923,C40,4,P11,house,3
1924,C40,4,P14,clothes,3
1925,C44,9,P42,food,3
1926,C40,4,P17,clothes,3
1927,C40,4,P22,fruit_veg,3
1928,C43,10,P57,food,3
1929,C43,10,P54,food,3
1930,C43,10,P53,food,3
1931,C43,10,P52,food,3
1932,C44,9,P57,food,3
1933,C40,4,P23,fruit_veg,3
1934,C124,7,P12,house,3
1935,C43,10,P41,food,3
1936,C14,3,P58,food,3
1937,C41,9,P25,fruit_veg,3
1938,C41,9,P27,fruit_veg,3
1939,C43,10,P07,house,3
1940,C43,10,P05,house,3
1941,C14,3,P56,food,3
1942,C124,7,P10,house,3
1943,C43,10,P04,house,3
1944,C123,3,P64,bws,3
1945,C42,2,P49,food,3
1946,C40,4,P26,fruit_veg,3
1947,C45,10,P41,food,3
1948,C122,10,P15,clothes,3
1949,C112,3,P40,sweets,3
1950,C126,4,P10,house,3
1951,C46,5,P37,sweets,3
1952,C126,4,P09,house,3
1953,C126,4,P08,house,3
1954,C126,4,P07,house,3
1955,C46,5,P19,clothes,3
1956,C46,5,P17,clothes,3
1957,C35,7,P28,fruit_veg,3
1958,C35,7,P31,fruit_veg,3
1959,C46,5,P11,house,3
1960,C46,5,P09,house,3
1961,C46,5,P08,house,3
1962,C36,5,P28,fruit_veg,3
1963,C125,1,P32,fruit_veg,3
1964,C38,7,P25,fruit_veg,3
1965,C38,7,P28,fruit_veg,3
1966,C38,7,P30,fruit_veg,3
1967,C45,10,P59,food,3
1968,C135,2,P41,food,3
1969,C45,10,P56,food,3
1970,C135,2,P43,food,3
1971,C135,2,P46,food,3
1972,C45,10,P53,food,3
1973,C45,10,P49,food,3
1974,C15,6,P38,sweets,3
1975,C15,6,P36,sweets,3
1976,C45,10,P46,food,3
1977,C34,3,P64,bws,3
1978,C119,7,P45,food,3
1979,C124,7,P04,house,3
1980,C53,4,P59,food,3
1981,C22,1,P30,fruit_veg,3
1982,C59,6,P32,fruit_veg,3
1983,C22,1,P33,fruit_veg,3
1984,C64,10,P37,sweets,3
1985,C131,4,P26,fruit_veg,3
1986,C115,1,P27,fruit_veg,3
1987,C135,2,P64,bws,3
1988,C115,1,P25,fruit_veg,3
1989,C20,2,P39,sweets,3
1990,C132,7,P01,house,3
1991,C64,10,P36,sweets,3
1992,C59,6,P27,fruit_veg,3
1993,C25,9,P05,house,3
1994,C25,9,P12,house,3
1995,C114,3,P52,food,3
1996,C59,6,P23,fruit_veg,3
1997,C59,6,P22,fruit_veg,3
1998,C116,5,P46,food,3
1999,C20,2,P62,bws,3
2000,C58,6,P38,sweets,3
2001,C132,7,P02,house,3
2002,C116,5,P56,food,3
2003,C25,9,P04,house,3
2004,C58,6,P29,fruit_veg,3
2005,C131,4,P40,sweets,3
2006,C64,10,P35,sweets,3
2007,C20,2,P63,bws,3
2008,C21,5,P24,fruit_veg,3
2009,C115,1,P37,sweets,3
2010,C115,1,P31,fruit_veg,3
2011,C131,4,P54,food,3
2012,C115,1,P38,sweets,3
2013,C115,1,P40,sweets,3
2014,C61,4,P64,bws,3
2015,C135,2,P51,food,3
2016,C61,4,P38,sweets,3
2017,C22,1,P02,house,3
2018,C61,4,P37,sweets,3
2019,C20,2,P43,food,3
2020,C20,2,P41,food,3
2021,C6,10,P62,bws,3
2022,C116,5,P41,food,3
2023,C116,5,P44,food,3
2024,C136,10,P30,fruit_veg,3
2025,C21,5,P32,fruit_veg,3
2026,C22,1,P01,house,3
2027,C136,10,P22,fruit_veg,3
2028,C53,4,P50,food,3
2029,C116,5,P30,fruit_veg,3
2030,C25,9,P36,sweets,3
2031,C114,3,P44,food,3
2032,C115,1,P32,fruit_veg,3
2033,C132,7,P10,house,3
2034,C57,2,P38,sweets,3
2035,C13,8,P32,fruit_veg,3
2036,C132,7,P11,house,3
2037,C17,2,P32,fruit_veg,3
2038,C13,8,P31,fruit_veg,3
2039,C25,9,P39,sweets,3
2040,C113,5,P03,house,3
2041,C56,4,P58,food,3
2042,C56,4,P57,food,3
2043,C56,4,P55,food,3
2044,C13,8,P30,fruit_veg,3
2045,C27,10,P22,fruit_veg,3
2046,C56,4,P46,food,3
2047,C113,5,P02,house,3
2048,C117,10,P55,food,3
2049,C55,8,P27,fruit_veg,3
2050,C113,5,P01,house,3
2051,C117,10,P56,food,3
2052,C27,10,P23,fruit_veg,3
2053,C26,1,P49,food,3
2054,C54,2,P58,food,3
2055,C118,7,P40,sweets,3
2056,C27,10,P31,fruit_veg,3
2057,C117,10,P20,clothes,3
2058,C27,10,P27,fruit_veg,3
2059,C135,2,P61,bws,3
2060,C20,2,P12,house,3
2061,C20,2,P05,house,3
2062,C25,9,P61,bws,3
2063,C54,2,P54,food,3
2064,C132,7,P25,fruit_veg,3
2065,C25,9,P63,bws,3
2066,C2,4,P27,fruit_veg,3
2067,C118,7,P36,sweets,3
2068,C132,7,P24,fruit_veg,3
2069,C2,4,P30,fruit_veg,3
2070,C66,10,P55,food,3
2071,C66,10,P56,food,3
2072,C67,4,P23,fruit_veg,3
2073,C39,2,P36,sweets,4
2074,C124,7,P09,house,4
2075,C124,7,P05,house,4
2076,C42,2,P22,fruit_veg,4
2077,C83,8,P01,house,4
2078,C131,4,P58,food,4
2079,C131,4,P55,food,4
2080,C92,1,P26,fruit_veg,4
2081,C14,3,P55,food,4
2082,C39,2,P40,sweets,4
2083,C106,5,P23,fruit_veg,4
2084,C82,9,P08,house,4
2085,C92,1,P19,clothes,4
2086,C41,9,P30,fruit_veg,4
2087,C96,10,P36,sweets,4
2088,C105,8,P62,bws,4
2089,C40,4,P03,house,4
2090,C2,4,P29,fruit_veg,4
2091,C94,10,P22,fruit_veg,4
2092,C20,2,P37,sweets,4
2093,C132,7,P06,house,4
2094,C40,4,P21,clothes,4
2095,C82,9,P40,sweets,4
2096,C39,2,P39,sweets,4
2097,C103,7,P39,sweets,4
2098,C126,4,P01,house,4
2099,C127,4,P15,clothes,4
2100,C89,8,P47,food,4
2101,C86,8,P18,clothes,4
2102,C127,4,P16,clothes,4
2103,C25,9,P40,sweets,4
2104,C86,8,P21,clothes,4
2105,C10,5,P49,food,4
2106,C133,3,P62,bws,4
2107,C3,8,P40,sweets,4
2108,C3,8,P39,sweets,4
2109,C86,8,P54,food,4
2110,C3,8,P35,sweets,4
2111,C30,4,P22,fruit_veg,4
2112,C128,5,P36,sweets,4
2113,C86,8,P60,food,4
2114,C86,8,P63,bws,4
2115,C29,7,P62,bws,4
2116,C128,5,P38,sweets,4
2117,C128,5,P39,sweets,4
2118,C29,7,P41,food,4
2119,C28,3,P58,food,4
2120,C27,10,P24,fruit_veg,4
2121,C87,3,P59,food,4
2122,C27,10,P25,fruit_veg,4
2123,C129,7,P64,bws,4
2124,C13,8,P22,fruit_veg,4
2125,C13,8,P34,fruit_veg,4
2126,C30,4,P26,fruit_veg,4
2127,C25,9,P35,sweets,4
2128,C30,4,P32,fruit_veg,4
2129,C90,3,P17,clothes,4
2130,C36,5,P22,fruit_veg,4
2131,C100,8,P36,sweets,4
2132,C104,7,P30,fruit_veg,4
2133,C131,4,P50,food,4
2134,C100,8,P37,sweets,4
2135,C104,7,P25,fruit_veg,4
2136,C104,7,P23,fruit_veg,4
2137,C21,5,P30,fruit_veg,4
2138,C135,2,P09,house,4
2139,C34,3,P26,fruit_veg,4
2140,C103,7,P40,sweets,4
2141,C34,3,P14,clothes,4
2142,C126,4,P34,fruit_veg,4
2143,C126,4,P35,sweets,4
2144,C10,5,P47,food,4
2145,C22,1,P35,sweets,4
2146,C13,8,P53,food,4
2147,C133,3,P63,bws,4
2148,C13,8,P50,food,4
2149,C13,8,P47,food,4
2150,C9,8,P18,clothes,4
2151,C24,6,P63,bws,4
2152,C9,8,P13,clothes,4
2153,C127,4,P02,house,4
2154,C24,6,P64,bws,4
2155,C30,4,P34,fruit_veg,4
2156,C19,6,P24,fruit_veg,4
2157,C87,3,P45,food,4
2158,C2,4,P22,fruit_veg,4
2159,C42,2,P31,fruit_veg,4
2160,C108,8,P47,food,4
2161,C47,2,P05,house,4
2162,C55,8,P24,fruit_veg,4
2163,C55,8,P31,fruit_veg,4
2164,C56,4,P52,food,4
2165,C56,4,P59,food,4
2166,C117,10,P40,sweets,4
2167,C47,2,P01,house,4
2168,C108,8,P44,food,4
2169,C46,5,P39,sweets,4
2170,C76,10,P35,sweets,4
2171,C76,10,P36,sweets,4
2172,C46,5,P38,sweets,4
2173,C76,10,P38,sweets,4
2174,C108,8,P42,food,4
2175,C70,9,P36,sweets,4
2176,C46,5,P36,sweets,4
2177,C46,5,P21,clothes,4
2178,C107,3,P32,fruit_veg,4
2179,C96,10,P44,food,4
2180,C117,10,P17,clothes,4
2181,C97,9,P33,fruit_veg,4
2182,C121,10,P61,bws,4
2183,C59,6,P25,fruit_veg,4
2184,C59,6,P28,fruit_veg,4
2185,C54,2,P49,food,4
2186,C120,9,P60,food,4
2187,C120,9,P59,food,4
2188,C54,2,P46,food,4
2189,C106,5,P27,fruit_veg,4
2190,C73,2,P32,fruit_veg,4
2191,C109,6,P38,sweets,4
2192,C14,3,P45,food,4
2193,C137,9,P34,fruit_veg,4
2194,C73,2,P25,fruit_veg,4
2195,C73,2,P62,bws,4
2196,C73,2,P24,fruit_veg,4
2197,C12,8,P33,fruit_veg,4
2198,C74,5,P03,house,4
2199,C74,5,P04,house,4
2200,C74,5,P05,house,4
2201,C7,3,P39,sweets,4
2202,C73,2,P22,fruit_veg,4
2203,C97,9,P24,fruit_veg,4
2204,C97,9,P26,fruit_veg,4
2205,C74,5,P10,house,4
2206,C51,3,P27,fruit_veg,4
2207,C75,8,P22,fruit_veg,4
2208,C52,1,P38,sweets,4
2209,C49,7,P16,clothes,4
2210,C11,4,P37,sweets,4
2211,C53,4,P41,food,4
2212,C120,9,P41,food,4
2213,C75,8,P45,food,4
2214,C120,9,P52,food,4
2215,C97,9,P23,fruit_veg,4
2216,C46,5,P04,house,4
2217,C46,5,P16,clothes,4
2218,C46,5,P01,house,4
2219,C44,9,P51,food,4
2220,C115,1,P36,sweets,4
2221,C115,1,P35,sweets,4
2222,C46,5,P03,house,4
2223,C69,7,P08,house,4
2224,C62,6,P64,bws,4
2225,C1,7,P09,house,4
2226,C64,10,P39,sweets,4
2227,C112,3,P01,house,4
2228,C122,10,P61,bws,4
2229,C69,7,P25,fruit_veg,4
2230,C8,7,P10,house,4
2231,C68,8,P21,clothes,4
2232,C8,7,P63,bws,4
2233,C43,10,P22,fruit_veg,4
2234,C114,3,P35,sweets,4
2235,C43,10,P11,house,4
2236,C80,9,P26,fruit_veg,4
2237,C80,9,P27,fruit_veg,4
2238,C113,5,P09,house,4
2239,C80,9,P29,fruit_veg,4
2240,C67,4,P64,bws,4
2241,C43,10,P26,fruit_veg,4
2242,C115,1,P39,sweets,4
2243,C14,3,P47,food,4
2244,C45,10,P55,food,4
2245,C135,2,P50,food,4
2246,C45,10,P50,food,4
2247,C79,1,P32,fruit_veg,4
2248,C7,3,P37,sweets,4
2249,C45,10,P45,food,4
2250,C7,3,P38,sweets,4
2251,C45,10,P44,food,4
2252,C106,5,P62,bws,4
2253,C78,9,P40,sweets,4
2254,C135,2,P62,bws,5
2255,C135,2,P63,bws,5
2256,C137,9,P26,fruit_veg,5
2257,C132,7,P09,house,5
2258,C7,3,P36,sweets,5
2259,C116,5,P49,food,5
2260,C97,9,P25,fruit_veg,5
2261,C50,8,P38,sweets,5
2262,C89,8,P28,fruit_veg,5
2263,C97,9,P27,fruit_veg,5
2264,C7,3,P40,sweets,5
2265,C24,6,P62,bws,5
2266,C73,2,P26,fruit_veg,5
2267,C29,7,P63,bws,5
2268,C87,3,P42,food,5
2269,C1,7,P06,house,5
2270,C24,6,P61,bws,5
2271,C66,10,P51,food,5
2272,C86,8,P61,bws,5
2273,C113,5,P04,house,5
2274,C19,6,P28,fruit_veg,5
2275,C59,6,P30,fruit_veg,5
2276,C53,4,P04,house,5
2277,C51,3,P64,bws,5
2278,C132,7,P34,fruit_veg,5
2279,C89,8,P26,fruit_veg,5
2280,C21,5,P27,fruit_veg,5
2281,C131,4,P52,food,5
2282,C89,8,P23,fruit_veg,5
2283,C69,7,P24,fruit_veg,5
2284,C132,7,P31,fruit_veg,5
2285,C13,8,P33,fruit_veg,5
2286,C91,3,P61,bws,5
2287,C118,7,P37,sweets,5
2288,C27,10,P26,fruit_veg,5
2289,C114,3,P40,sweets,5
2290,C18,8,P61,bws,5
2291,C69,7,P34,fruit_veg,5
2292,C27,10,P28,fruit_veg,5
2293,C21,5,P33,fruit_veg,5
2294,C137,9,P22,fruit_veg,5
2295,C114,3,P57,food,5
2296,C11,4,P40,sweets,5
2297,C12,8,P25,fruit_veg,5
2298,C100,8,P26,fruit_veg,5
2299,C11,4,P35,sweets,5
2300,C73,2,P34,fruit_veg,5
2301,C137,9,P23,fruit_veg,5
2302,C26,1,P46,food,5
2303,C132,7,P26,fruit_veg,5
2304,C14,3,P48,food,5
2305,C78,9,P35,sweets,5
2306,C76,10,P40,sweets,5
2307,C44,9,P46,food,5
2308,C34,3,P62,bws,5
2309,C34,3,P29,fruit_veg,5
2310,C40,4,P13,clothes,5
2311,C34,3,P23,fruit_veg,5
2312,C104,7,P26,fruit_veg,5
2313,C108,8,P45,food,5
2314,C44,9,P43,food,5
2315,C45,10,P54,food,5
2316,C34,3,P15,clothes,5
2317,C47,2,P12,house,5
2318,C75,8,P59,food,5
2319,C40,4,P16,clothes,5
2320,C34,3,P19,clothes,5
2321,C134,6,P24,fruit_veg,5
2322,C40,4,P07,house,5
2323,C96,10,P37,sweets,5
2324,C82,9,P36,sweets,5
2325,C45,10,P58,food,5
2326,C106,5,P63,bws,5
2327,C83,8,P02,house,5
2328,C104,7,P35,sweets,5
2329,C46,5,P05,house,5
2330,C4,5,P40,sweets,5
2331,C36,5,P64,bws,5
2332,C125,1,P64,bws,5
2333,C104,7,P33,fruit_veg,5
2334,C14,3,P60,food,5
2335,C5,7,P39,sweets,5
2336,C104,7,P32,fruit_veg,5
2337,C46,5,P14,clothes,5
2338,C83,8,P11,house,5
2339,C44,9,P39,sweets,5
2340,C34,3,P18,clothes,5
2341,C108,8,P55,food,5
2342,C80,9,P32,fruit_veg,5
2343,C127,4,P21,clothes,5
2344,C109,6,P37,sweets,5
2345,C127,4,P17,clothes,5
2346,C41,9,P34,fruit_veg,5
2347,C109,6,P35,sweets,5
2348,C41,9,P33,fruit_veg,5
2349,C12,8,P39,sweets,5
2350,C80,9,P24,fruit_veg,5
2351,C41,9,P29,fruit_veg,5
2352,C43,10,P23,fruit_veg,5
2353,C12,8,P63,bws,5
2354,C30,4,P25,fruit_veg,5
2355,C127,4,P14,clothes,5
2356,C30,4,P28,fruit_veg,5
2357,C30,4,P24,fruit_veg,5
2358,C43,10,P61,bws,5
2359,C12,8,P62,bws,5
2360,C30,4,P39,sweets,5
2361,C44,9,P35,sweets,5
2362,C49,7,P18,clothes,5
2363,C74,5,P12,house,5
2364,C122,10,P63,bws,5
2365,C49,7,P19,clothes,5
2366,C30,4,P33,fruit_veg,5
2367,C45,10,P47,food,5
2368,C41,9,P23,fruit_veg,5
2369,C41,9,P24,fruit_veg,5
2370,C4,5,P39,sweets,6
2371,C1,7,P12,house,6
2372,C21,5,P34,fruit_veg,6
2373,C104,7,P40,sweets,6
2374,C82,9,P37,sweets,6
2375,C21,5,P31,fruit_veg,6
2376,C124,7,P01,house,6
2377,C115,1,P34,fruit_veg,6
2378,C1,7,P02,house,6
2379,C40,4,P15,clothes,6
2380,C2,4,P23,fruit_veg,6
2381,C114,3,P36,sweets,6
2382,C69,7,P03,house,6
2383,C61,4,P40,sweets,6
2384,C81,7,P63,bws,6
2385,C1,7,P10,house,6
2386,C90,3,P21,clothes,6
2387,C65,2,P36,sweets,6
2388,C44,9,P52,food,6
2389,C14,3,P57,food,6
2390,C21,5,P22,fruit_veg,6
2391,C132,7,P28,fruit_veg,6
2392,C44,9,P48,food,6
2393,C14,3,P59,food,6
2394,C112,3,P39,sweets,6
2395,C59,6,P31,fruit_veg,6
2396,C121,10,P62,bws,6
2397,C75,8,P62,bws,6
2398,C27,10,P30,fruit_veg,6
2399,C27,10,P32,fruit_veg,6
2400,C30,4,P38,sweets,6
2401,C28,3,P35,sweets,6
2402,C28,3,P37,sweets,6
2403,C28,3,P40,sweets,6
2404,C34,3,P17,clothes,6
2405,C95,7,P39,sweets,6
2406,C14,3,P52,food,6
2407,C108,8,P57,food,6
2408,C12,8,P61,bws,6
2409,C86,8,P19,clothes,6
2410,C5,7,P36,sweets,6
2411,C127,4,P61,bws,6
2412,C5,7,P40,sweets,6
2413,C5,7,P38,sweets,6
2414,C74,5,P09,house,6
2415,C117,10,P37,sweets,6
2416,C47,2,P06,house,6
2417,C25,9,P37,sweets,6
2418,C9,8,P14,clothes,6
2419,C59,6,P26,fruit_veg,6
2420,C59,6,P24,fruit_veg,6
2421,C34,3,P61,bws,6
2422,C25,9,P38,sweets,6
2423,C35,7,P32,fruit_veg,6
2424,C7,3,P35,sweets,6
2425,C131,4,P38,sweets,6
2426,C70,9,P37,sweets,6
2427,C70,9,P38,sweets,6
2428,C89,8,P34,fruit_veg,6
2429,C137,9,P28,fruit_veg,6
2430,C70,9,P39,sweets,6
2431,C70,9,P40,sweets,6
2432,C89,8,P29,fruit_veg,6
2433,C83,8,P38,sweets,6
2434,C82,9,P64,bws,6
2435,C1,7,P04,house,7
2436,C132,7,P22,fruit_veg,7
2437,C137,9,P30,fruit_veg,7
2438,C96,10,P63,bws,7
2439,C132,7,P33,fruit_veg,7
2440,C137,9,P29,fruit_veg,7
2441,C137,9,P31,fruit_veg,7
2442,C1,7,P08,house,7
2443,C14,3,P41,food,7
2444,C133,3,P61,bws,7
2445,C1,7,P01,house,7
2446,C2,4,P26,fruit_veg,7
2447,C127,4,P19,clothes,7
2448,C81,7,P61,bws,7
2449,C50,8,P37,sweets,7
2450,C50,8,P36,sweets,7
2451,C127,4,P13,clothes,7
2452,C109,6,P40,sweets,7
2453,C72,5,P51,food,7
2454,C109,6,P39,sweets,7
2455,C74,5,P06,house,7
2456,C2,4,P24,fruit_veg,7
2457,C39,2,P37,sweets,7
2458,C82,9,P35,sweets,7
2459,C41,9,P31,fruit_veg,7
2460,C4,5,P38,sweets,7
2461,C5,7,P35,sweets,7
2462,C86,8,P62,bws,7
2463,C127,4,P18,clothes,7
2464,C70,9,P35,sweets,7
2465,C113,5,P06,house,7
2466,C113,5,P08,house,7
2467,C115,1,P26,fruit_veg,7
2468,C91,3,P62,bws,7
2469,C40,4,P34,fruit_veg,7
2470,C89,8,P24,fruit_veg,7
2471,C89,8,P27,fruit_veg,7
2472,C21,5,P29,fruit_veg,7
2473,C5,7,P64,bws,8
2474,C112,3,P36,sweets,8
2475,C97,9,P32,fruit_veg,8
2476,C41,9,P32,fruit_veg,8
2477,C1,7,P05,house,8
2478,C46,5,P15,clothes,8
2479,C114,3,P37,sweets,8
2480,C74,5,P07,house,8
2481,C56,4,P53,food,8
2482,C5,7,P37,sweets,8
2483,C59,6,P33,fruit_veg,8
2484,C59,6,P34,fruit_veg,8
2485,C110,3,P63,bws,8
2486,C96,10,P61,bws,8
2487,C14,3,P51,food,8
2488,C63,2,P37,sweets,8
2489,C47,2,P10,house,8
2490,C29,7,P61,bws,8
2491,C127,4,P64,bws,8
2492,C9,8,P20,clothes,8
2493,C132,7,P29,fruit_veg,8
2494,C91,3,P63,bws,8
2495,C2,4,P32,fruit_veg,8
2496,C126,4,P39,sweets,8
2497,C28,3,P36,sweets,8
2498,C34,3,P63,bws,8
2499,C4,5,P36,sweets,8
2500,C126,4,P36,sweets,8
2501,C126,4,P37,sweets,9
2502,C2,4,P28,fruit_veg,9
2503,C82,9,P61,bws,9
2504,C110,3,P64,bws,9
2505,C21,5,P25,fruit_veg,9
2506,C1,7,P03,house,9
2507,C1,7,P07,house,9
2508,C95,7,P38,sweets,9
2509,C2,4,P34,fruit_veg,9
2510,C117,10,P15,clothes,9
2511,C2,4,P31,fruit_veg,9
2512,C126,4,P40,sweets,9
2513,C114,3,P39,sweets,9
2514,C2,4,P33,fruit_veg,9
2515,C110,3,P61,bws,10
2516,C41,9,P26,fruit_veg,10
2517,C52,1,P39,sweets,10
2518,C50,8,P40,sweets,10
2519,C50,8,P39,sweets,10
2520,C82,9,P63,bws,10
2521,C50,8,P35,sweets,10
2522,C5,7,P63,bws,10
2523,C96,10,P40,sweets,10
2524,C95,7,P37,sweets,10
2525,C82,9,P62,bws,11
2526,C95,7,P36,sweets,11
2527,C95,7,P40,sweets,11
2528,C137,9,P33,fruit_veg,11
2529,C29,7,P64,bws,12
2530,C4,5,P37,sweets,12
2531,C5,7,P62,bws,12
2532,C91,3,P64,bws,12
2533,C4,5,P35,sweets,12
2534,C63,2,P38,sweets,13
2535,C5,7,P61,bws,13
2536,C110,3,P62,bws,13
2537,C63,2,P39,sweets,13
2538,C95,7,P35,sweets,14
2539,C137,9,P24,fruit_veg,14
2540,C63,2,P35,sweets,15
2541,C114,3,P38,sweets,16
2542,C63,2,P40,sweets,16
2543,C63,2,P36,sweets,17
